Crop,Year,Production
Total Foodgrains,2006-07,158.8
Rice,2006-07,200.8
Wheat,2006-07,131.6
Jowar,2006-07,124.3
Bajra,2006-07,136.4
Maize,2006-07,198.8
Ragi,2006-07,56.1
Small millets,2006-07,53.9
Barley,2006-07,88.1
Coarse Cereals,2006-07,138.5
Cereals,2006-07,164.1
Gram,2006-07,140.6
Arhar,2006-07,97.0
Other Pulses,2006-07,139.1
Total Pulses,2006-07,130.3
Total Non-Food grains ,2006-07,155.4
Total Oilseeds,2006-07,148.2
Groundnut,2006-07,115.2
Sesamum,2006-07,95.5
Rapeseed &Mustard,2006-07,138.7
Linseed,2006-07,55.9
Castor seed,2006-07,124.7
Safflower,2006-07,67.3
Niger seed,2006-07,65.1
Sunflower,2006-07,161.3
Soyabean,2006-07,253.2
Nine Oilseeds,2006-07,147.1
Coconut,2006-07,142.7
Cotton seed,2006-07,186.1
Total Fibers,2006-07,186.1
Cotton(lint),2006-07,213.1
Jute,2006-07,220.3
Mesta,2006-07,81.7
Jute & Mesta,2006-07,200.7
Sannhamp ,2006-07,97.9
Tea ,2006-07,132.2
Coffee ,2006-07,138.0
Rubber ,2006-07,215.5
Total Spices,2006-07,1427.7
Black pepper,2006-07,134.2
Dry chilies ,2006-07,163.5
Dry ginger ,2006-07,206.3
Turmeric ,2006-07,158.6
Arecanut  ,2006-07,182.5
Cardamom ,2006-07,159.2
Coriander,2006-07,126.4
Garlic  ,2006-07,226.2
Total Fruits & Vegetables,2006-07,162.6
Potato,2006-07,135.7
Tapioca,2006-07,146.4
Sweet potato  ,2006-07,81.1
Onion,2006-07,240.5
Banana  ,2006-07,189.3
Sugarcane,2006-07,149.8
Tobacco,2006-07,88.1
Total Foodgrains,2007-08,168.6
Rice,2007-08,207.9
Wheat,2007-08,136.4
Jowar,2007-08,137.8
Bajra,2007-08,161.5
Maize,2007-08,249.6
Ragi,2007-08,83.6
Small millets,2007-08,61.9
Barley,2007-08,79.3
Coarse Cereals,2007-08,166.4
Cereals,2007-08,174.6
Gram,2007-08,127.6
Arhar,2007-08,128.9
Other Pulses,2007-08,148.9
Total Pulses,2007-08,135.4
Total Non-Food grains ,2007-08,156.8
Total Oilseeds,2007-08,150.9
Groundnut,2007-08,217.5
Sesamum,2007-08,116.8
Rapeseed &Mustard,2007-08,108.8
Linseed,2007-08,54.4
Castor seed,2007-08,172.3
Safflower,2007-08,62.8
Niger seed,2007-08,59.0
Sunflower,2007-08,192.3
Soyabean,2007-08,313.8
Nine Oilseeds,2007-08,180.2
Coconut,2007-08,91.4
Cotton seed,2007-08,212.8
Total Fibers,2007-08,203.5
Cotton(lint),2007-08,243.8
Jute,2007-08,218.3
Mesta,2007-08,84.6
Jute & Mesta,2007-08,199.6
Sannhamp ,2007-08,93.0
Tea ,2007-08,132.8
Coffee ,2007-08,139.8
Rubber ,2007-08,208.6
Total Spices,2007-08,1571.5
Black pepper,2007-08,91.5
Dry chilies ,2007-08,170.8
Dry ginger ,2007-08,200.6
Turmeric ,2007-08,160.1
Arecanut  ,2007-08,184.3
Cardamom ,2007-08,135.8
Coriander,2007-08,167.9
Garlic  ,2007-08,311.3
Total Fruits & Vegetables,2007-08,184.9
Potato,2007-08,174.2
Tapioca,2007-08,151.5
Sweet potato  ,2007-08,79.3
Onion,2007-08,247.3
Banana  ,2007-08,201.1
Sugarcane,2007-08,146.7
Tobacco,2007-08,83.6
Total Foodgrains,2008-09,171.3
Rice,2008-09,213.3
Wheat,2008-09,140.1
Jowar,2008-09,126.0
Bajra,2008-09,143.9
Maize,2008-09,259.8
Ragi,2008-09,79.3
Small millets,2008-09,50.0
Barley,2008-09,112.0
Coarse Cereals,2008-09,163.5
Cereals,2008-09,177.7
Gram,2008-09,156.5
Arhar,2008-09,94.9
Other Pulses,2008-09,131.4
Total Pulses,2008-09,133.7
Total Non-Food grains ,2008-09,141.2
Total Oilseeds,2008-09,140.8
Groundnut,2008-09,169.8
Sesamum,2008-09,98.8
Rapeseed &Mustard,2008-09,134.3
Linseed,2008-09,56.4
Castor seed,2008-09,191.6
Safflower,2008-09,53.0
Niger seed,2008-09,63.0
Sunflower,2008-09,152.2
Soyabean,2008-09,283.4
Nine Oilseeds,2008-09,167.9
Coconut,2008-09,91.4
Cotton seed,2008-09,183.2
Total Fibers,2008-09,179.1
Cotton(lint),2008-09,209.8
Jute,2008-09,205.8
Mesta,2008-09,62.4
Jute & Mesta,2008-09,184.5
Sannhamp ,2008-09,87.8
Tea ,2008-09,132.0
Coffee ,2008-09,139.9
Rubber ,2008-09,216.5
Total Spices,2008-09,1463.0
Black pepper,2008-09,92.2
Dry chilies ,2008-09,167.1
Dry ginger ,2008-09,199.3
Turmeric ,2008-09,165.5
Arecanut  ,2008-09,185.5
Cardamom ,2008-09,157.1
Coriander,2008-09,131.3
Garlic  ,2008-09,242.1
Total Fruits & Vegetables,2008-09,241.9
Potato,2008-09,210.5
Tapioca,2008-09,167.1
Sweet potato  ,2008-09,94.2
Onion,2008-09,367.1
Banana  ,2008-09,298.8
Sugarcane,2008-09,120.1
Tobacco,2008-09,96.4
Total Foodgrains,2009-10,159.4
Rice,2009-10,191.6
Wheat,2009-10,140.3
Jowar,2009-10,116.5
Bajra,2009-10,105.4
Maize,2009-10,220.1
Ragi,2009-10,73.4
Small millets,2009-10,42.9
Barley,2009-10,89.9
Coarse Cereals,2009-10,137.0
Cereals,2009-10,164.4
Gram,2009-10,165.9
Arhar,2009-10,103.3
Other Pulses,2009-10,118.4
Total Pulses,2009-10,134.5
Total Non-Food grains ,2009-10,143.2
Total Oilseeds,2009-10,135.9
Groundnut,2009-10,128.6
Sesamum,2009-10,90.8
Rapeseed &Mustard,2009-10,123.2
Linseed,2009-10,51.2
Castor seed,2009-10,165.0
Safflower,2009-10,50.1
Niger seed,2009-10,53.8
Sunflower,2009-10,111.8
Soyabean,2009-10,285.1
Nine Oilseeds,2009-10,150.7
Coconut,2009-10,97.5
Cotton seed,2009-10,197.5
Total Fibers,2009-10,196.6
Cotton(lint),2009-10,226.2
Jute,2009-10,239.8
Mesta,2009-10,50.1
Jute & Mesta,2009-10,210.4
Sannhamp ,2009-10,69.0
Tea ,2009-10,132.0
Coffee ,2009-10,154.5
Rubber ,2009-10,210.1
Total Spices,2009-10,1430.3
Black pepper,2009-10,99.2
Dry chilies ,2009-10,158.3
Dry ginger ,2009-10,202.0
Turmeric ,2009-10,159.8
Arecanut  ,2009-10,184.3
Cardamom ,2009-10,159.2
Coriander,2009-10,128.5
Garlic  ,2009-10,243.0
Total Fruits & Vegetables,2009-10,240.3
Potato,2009-10,223.8
Tapioca,2009-10,140.0
Sweet potato  ,2009-10,92.1
Onion,2009-10,329.1
Banana  ,2009-10,301.7
Sugarcane,2009-10,123.2
Tobacco,2009-10,105.3
Total Foodgrains,2010-11,178.9
Rice,2010-11,206.4
Wheat,2010-11,150.8
Jowar,2010-11,121.8
Bajra,2010-11,167.9
Maize,2010-11,286.0
Ragi,2010-11,85.2
Small millets,2010-11,82.0
Barley,2010-11,110.3
Coarse Cereals,2010-11,178.4
Cereals,2010-11,183.1
Gram,2010-11,182.5
Arhar,2010-11,119.9
Other Pulses,2010-11,179.5
Total Pulses,2010-11,167.4
Total Non-Food grains ,2010-11,168.4
Total Oilseeds,2010-11,169.0
Groundnut,2010-11,195.7
Sesamum,2010-11,137.9
Rapeseed &Mustard,2010-11,152.5
Linseed,2010-11,48.8
Castor seed,2010-11,220.9
Safflower,2010-11,42.1
Niger seed,2010-11,58.0
Sunflower,2010-11,85.6
Soyabean,2010-11,364.4
Nine Oilseeds,2010-11,196.7
Coconut,2010-11,97.7
Cotton seed,2010-11,271.3
Total Fibers,2010-11,239.3
Cotton(lint),2010-11,310.8
Jute,2010-11,213.8
Mesta,2010-11,52.2
Jute & Mesta,2010-11,189.1
Sannhamp ,2010-11,109.9
Tea ,2010-11,132.0
Coffee ,2010-11,161.1
Rubber ,2010-11,210.1
Total Spices,2010-11,1790.6
Black pepper,2010-11,101.1
Dry chilies ,2010-11,160.9
Dry ginger ,2010-11,368.1
Turmeric ,2010-11,200.2
Arecanut  ,2010-11,184.3
Cardamom ,2010-11,162.2
Coriander,2010-11,261.3
Garlic  ,2010-11,308.2
Total Fruits & Vegetables,2010-11,274.5
Potato,2010-11,259.1
Tapioca,2010-11,140.3
Sweet potato  ,2010-11,88.1
Onion,2010-11,409.1
Banana  ,2010-11,339.4
Sugarcane,2010-11,144.3
Tobacco,2010-11,140.9
